[{"title":"3D Printing for Advanced Metallic Products - Basic","link":"https:\/\/www.ntu.edu.sg\/pace\/programmes\/detail\/3d-printing-for-advanced-metallic-products---basic"},{"title":"3D Printing of Advanced Metallic Products - Intermediate","link":"https:\/\/www.ntu.edu.sg\/pace\/programmes\/detail\/3d-printing-of-advanced-metallic-products---intermediate"},{"title":"3D Printing of Electronics and Sensors","link":"https:\/\/www.ntu.edu.sg\/pace\/programmes\/detail\/3d-printing-of-electronics-and-sensors"},{"title":"3D Printing of Medical Devices and Tissues for the Future of Healthcare","link":"https:\/\/www.ntu.edu.sg\/pace\/programmes\/detail\/3d-printing-of-medical-devices-and-tissues-for-the-future-of-healthcare"},{"title":"5G-Based Localization Methods","link":"https:\/\/www.ntu.edu.sg\/pace\/programmes\/detail\/5g-based-localization-methods"},{"title":"AB1201 Financial Management","link":"https:\/\/www.ntu.edu.sg\/pace\/programmes\/detail\/ab1201-financial-management"},{"title":"AB1202 Statistics and Analysis","link":"https:\/\/www.ntu.edu.sg\/pace\/programmes\/detail\/ab1202-statistics-and-analysis"},{"title":"ARM Processor for Embedded IoT System: Architecture, Interfacing and Programming","link":"https:\/\/www.ntu.edu.sg\/pace\/programmes\/detail\/arm-processor-for-embedded-iot-system-architecture-interfacing-and-programming"},{"title":"Accounting & Finance for Advanced Manufacturing","link":"https:\/\/www.ntu.edu.sg\/pace\/programmes\/detail\/accounting-finance-for-advanced-manufacturing"},{"title":"Achieving Peak Performance with Mental Skills, Emotional Strength & Team Approach","link":"https:\/\/www.ntu.edu.sg\/pace\/programmes\/detail\/achieving-peak-performance-with-mental-skills-emotional-strength-team-approach"},{"title":"Achieving the Psychological Advantage in Leadership","link":"https:\/\/www.ntu.edu.sg\/pace\/programmes\/detail\/achieving-the-psychological-advantage-in-leadership"},{"title":"Advanced Business Presentation","link":"https:\/\/www.ntu.edu.sg\/pace\/programmes\/detail\/advanced-business-presentation"},{"title":"Advanced Negotiation Skills in Business Applications","link":"https:\/\/www.ntu.edu.sg\/pace\/programmes\/detail\/advanced-negotiation-skills-in-business-applications"},{"title":"Advanced Project Management development Process (PMDP) for New Build","link":"https:\/\/www.ntu.edu.sg\/pace\/programmes\/detail\/advanced-project-management-development-process-(pmdp)-for-new-build"},{"title":"Application of Design Innovation (DI) for Blockchain","link":"https:\/\/www.ntu.edu.sg\/pace\/programmes\/detail\/application-of-design-innovation-(di)-for-blockchain"},{"title":"Applied HAZOP for Engineers","link":"https:\/\/www.ntu.edu.sg\/pace\/programmes\/detail\/applied-hazop-for-engineers"},{"title":"Apply Statistics for Lean Six Sigma","link":"https:\/\/www.ntu.edu.sg\/pace\/programmes\/detail\/apply-statistics-for-lean-six-sigma"},{"title":"Art of Saying No to Customers Without Offending Them","link":"https:\/\/www.ntu.edu.sg\/pace\/programmes\/detail\/art-of-saying-no-to-customers-without-offending-them"},{"title":"BG3105 Biomedical Instrumentation","link":"https:\/\/www.ntu.edu.sg\/pace\/programmes\/detail\/bg3105-biomedical-instrumentation"},{"title":"BG4313 Global Medical Device Regulatory Overview","link":"https:\/\/www.ntu.edu.sg\/pace\/programmes\/detail\/bg4313-global-medical-device-regulatory-overview"},{"title":"BS0004 Introduction to Data Science","link":"https:\/\/www.ntu.edu.sg\/pace\/programmes\/detail\/bs0004-introduction-to-data-science"},{"title":"BS0005 One Health","link":"https:\/\/www.ntu.edu.sg\/pace\/programmes\/detail\/bs0005-one-health"},{"title":"BS1008 Biostatistics","link":"https:\/\/www.ntu.edu.sg\/pace\/programmes\/detail\/bs1008-biostatistics"},{"title":"BS1009 Introduction to Computational Thinking","link":"https:\/\/www.ntu.edu.sg\/pace\/programmes\/detail\/specialist-certificate-in-biological-data-science-bs1009-introduction-to-computational-thinking"},{"title":"BS1200 Understanding Singapore Healthcare System","link":"https:\/\/www.ntu.edu.sg\/pace\/programmes\/detail\/bs1200-understanding-singapore-healthcare-system"},{"title":"BS2020 Mathematics, Physics and Basic Programming for the Structural Biologist","link":"https:\/\/www.ntu.edu.sg\/pace\/programmes\/detail\/bs2020-mathematics-physics-and-basic-programming-for-the-structural-biologist"},{"title":"BS2021 RNA Structures & RNA based Drug Development","link":"https:\/\/www.ntu.edu.sg\/pace\/programmes\/detail\/bs2021-rna-structures-rna-based-drug-development"},{"title":"BS2024 Evolution in Health and Disease","link":"https:\/\/www.ntu.edu.sg\/pace\/programmes\/detail\/bs3024-evolution-in-health-and-disease"},{"title":"BS3004 Cancer Biology and Therapy","link":"https:\/\/www.ntu.edu.sg\/pace\/programmes\/detail\/bs3004-cancer-biology-and-therapy"},{"title":"BS3008 Computational Biology and Modeling","link":"https:\/\/www.ntu.edu.sg\/pace\/programmes\/detail\/bs3008-computational-biology-and-modeling"},{"title":"BS3013 Drug Discovery and Development, Biotechnology","link":"https:\/\/www.ntu.edu.sg\/pace\/programmes\/detail\/bs3013-drug-discovery-and-development-biotechnology"},{"title":"BS3025 Nuclear Magnetic Resonance in Structural Biology","link":"https:\/\/www.ntu.edu.sg\/pace\/programmes\/detail\/bs3025-nuclear-magnetic-resonance-in-structural-biology"},{"title":"BS3027 Spectroscopic Methods in Biomedical Structural Biology","link":"https:\/\/www.ntu.edu.sg\/pace\/programmes\/detail\/bs3027-spectroscopic-methods-in-biomedical-structural-biology"},{"title":"BS3028 Natural products in medicinal chemistry","link":"https:\/\/www.ntu.edu.sg\/pace\/programmes\/detail\/bs3028-natural-products-in-medicinal-chemistry"},{"title":"BS3344 Undergrad Advanced Experimental Biology (UAEB) Workshop (Series II)  Macromolecular Crystallography","link":"https:\/\/www.ntu.edu.sg\/pace\/programmes\/detail\/bs3344-undergrad-advanced-experimental-biology-(uaeb)-workshop-(series-ii)-macromolecular-crystallography"},{"title":"BS3349 (UAEB) Workshop (Series II) - Introduction to R programing","link":"https:\/\/www.ntu.edu.sg\/pace\/programmes\/detail\/bs3349-(uaeb)-workshop-(series-ii)---introduction-to-r-programing"},{"title":"BS4017 High-Throughput Bioinformatics","link":"https:\/\/www.ntu.edu.sg\/pace\/programmes\/detail\/bs4017-high-throughput-bioinformatics"},{"title":"BS4018 Biology of Aging and Neurodegeneration","link":"https:\/\/www.ntu.edu.sg\/pace\/programmes\/detail\/bs4018-biology-of-aging-and-neurodegeneration"},{"title":"BS8001 Human Body Function and Disease","link":"https:\/\/www.ntu.edu.sg\/pace\/programmes\/detail\/bs8001-human-body-function-and-disease"},{"title":"BU8101 Accounting: A user perspective","link":"https:\/\/www.ntu.edu.sg\/pace\/programmes\/detail\/bu8101-accounting-a-user-perspective"},{"title":"Basic Orthopaedic Biomechanics - Part I","link":"https:\/\/www.ntu.edu.sg\/pace\/programmes\/detail\/basic-orthopaedic-biomechanics---part-i"},{"title":"Basic Orthopaedic Biomechanics - Part II","link":"https:\/\/www.ntu.edu.sg\/pace\/programmes\/detail\/basic-orthopaedic-biomechanics---part-ii"},{"title":"Biotechnology","link":"https:\/\/www.ntu.edu.sg\/pace\/programmes\/detail\/biotechnology"},{"title":"Business Finance","link":"https:\/\/www.ntu.edu.sg\/pace\/programmes\/detail\/business-finance"},{"title":"Business and Engineering Ethics","link":"https:\/\/www.ntu.edu.sg\/pace\/programmes\/detail\/business-and-engineering-ethics"},{"title":"CET100 Professional Communication: Essentials","link":"https:\/\/www.ntu.edu.sg\/pace\/programmes\/detail\/cet100-professional-communication-essentials"},{"title":"CET101 Professional Communication: Interpersonal skills","link":"https:\/\/www.ntu.edu.sg\/pace\/programmes\/detail\/cet101-professional-communication-interpersonal-skills"},{"title":"CET102 Professional Communication: Speaking skills","link":"https:\/\/www.ntu.edu.sg\/pace\/programmes\/detail\/cet102-professional-communication-speaking-skills"},{"title":"CET103 Big Data in the Information Age","link":"https:\/\/www.ntu.edu.sg\/pace\/programmes\/detail\/cet103-big-data-in-the-information-age"},{"title":"CET104 Hardware in the Information Age","link":"https:\/\/www.ntu.edu.sg\/pace\/programmes\/detail\/cet104-hardware-in-the-information-age"},{"title":"CET105 Language and Technology: Mediums of Communication","link":"https:\/\/www.ntu.edu.sg\/pace\/programmes\/detail\/cet105-language-and-technology-mediums-of-communication"},{"title":"CET106 Language and Technology: The Internet as Corpus","link":"https:\/\/www.ntu.edu.sg\/pace\/programmes\/detail\/cet106-language-and-technology-the-internet-as-corpus"},{"title":"CET107 Language and Technology: The Semantic Web","link":"https:\/\/www.ntu.edu.sg\/pace\/programmes\/detail\/cet107-language-and-technology-the-semantic-web"},{"title":"CET108 Networks in the Information Age","link":"https:\/\/www.ntu.edu.sg\/pace\/programmes\/detail\/cet108-networks-in-the-information-age"},{"title":"CET109 Practical Ethics I: Foundations and Applications of Ethics","link":"https:\/\/www.ntu.edu.sg\/pace\/programmes\/detail\/cet109-practical-ethics-i-foundations-and-applications-of-ethics"},{"title":"CET110 Practical Ethics II: Ethics All Around Us","link":"https:\/\/www.ntu.edu.sg\/pace\/programmes\/detail\/cet110-practical-ethics-ii-ethics-all-around-us"},{"title":"CET111 Practical Ethics III: Ethics in the Professions","link":"https:\/\/www.ntu.edu.sg\/pace\/programmes\/detail\/cet111-practical-ethics-iii-ethics-in-the-professions"},{"title":"CET112 Software in the Information Age","link":"https:\/\/www.ntu.edu.sg\/pace\/programmes\/detail\/cet112-software-in-the-information-age"},{"title":"CET113 Understanding the creative industries","link":"https:\/\/www.ntu.edu.sg\/pace\/programmes\/detail\/cet113-understanding-the-creative-industries"},{"title":"CET114 Writing and research for the creative industries","link":"https:\/\/www.ntu.edu.sg\/pace\/programmes\/detail\/cet114-writing-and-research-for-the-creative-industries"},{"title":"CET125 Perspectives on Ageing","link":"https:\/\/www.ntu.edu.sg\/pace\/programmes\/detail\/cet125-perspectives-on-ageing"},{"title":"CET126 Ageing and Public Policy","link":"https:\/\/www.ntu.edu.sg\/pace\/programmes\/detail\/cet126-ageing-and-public-policy"},{"title":"CET127 Ageing and the End of Life","link":"https:\/\/www.ntu.edu.sg\/pace\/programmes\/detail\/cet127-ageing-and-the-end-of-life"},{"title":"CET128 Mental Health and Ageing","link":"https:\/\/www.ntu.edu.sg\/pace\/programmes\/detail\/cet128-mental-health-and-ageing"},{"title":"CET129 Counselling Older Persons","link":"https:\/\/www.ntu.edu.sg\/pace\/programmes\/detail\/cet129-counselling-older-persons"},{"title":"CET130 Traditional Chinese Medicine for Older Adults","link":"https:\/\/www.ntu.edu.sg\/pace\/programmes\/detail\/cet130-traditional-chinese-medicine-for-older-adults"},{"title":"CET131 Research Methods for Ageing","link":"https:\/\/www.ntu.edu.sg\/pace\/programmes\/detail\/cet131-research-methods-for-ageing"},{"title":"CET132 Theories in Medical Sociology","link":"https:\/\/www.ntu.edu.sg\/pace\/programmes\/detail\/cet132-theories-in-medical-sociology"},{"title":"CET133 Work, Stress, and Health","link":"https:\/\/www.ntu.edu.sg\/pace\/programmes\/detail\/cet133-work-stress-and-health"},{"title":"CET134 Religion and Public Health","link":"https:\/\/www.ntu.edu.sg\/pace\/programmes\/detail\/cet134-religion-and-public-health"},{"title":"CET135 Communicating Complexity Part 1: Tackling communication barriers","link":"https:\/\/www.ntu.edu.sg\/pace\/programmes\/detail\/cet135-communicating-complexity-part-1-tackling-communication-barriers"},{"title":"CET136 Communicating Complexity Part 2: Data Visualization","link":"https:\/\/www.ntu.edu.sg\/pace\/programmes\/detail\/cet136-communicating-complexity-part-2-data-visualization"},{"title":"CET137 Communicating Complexity Part 3: Communicating for different audiences","link":"https:\/\/www.ntu.edu.sg\/pace\/programmes\/detail\/cet137-communicating-complexity-part-3-communicating-for-different-audiences"},{"title":"CET138 Big Data and Computational Social Science","link":"https:\/\/www.ntu.edu.sg\/pace\/programmes\/detail\/cet138-big-data-and-computational-social-science"},{"title":"CET139 Qualitative interviewing","link":"https:\/\/www.ntu.edu.sg\/pace\/programmes\/detail\/cet139-qualitative-interviewing"},{"title":"CET140 Applied Research Methods in Social Sciences","link":"https:\/\/www.ntu.edu.sg\/pace\/programmes\/detail\/cet140-applied-research-methods-in-social-sciences"},{"title":"CET141 Social Psychology","link":"https:\/\/www.ntu.edu.sg\/pace\/programmes\/detail\/cet141-social-psychology"},{"title":"CET142 Hip-Hop and Islam: A Sociology of Generations Perspective","link":"https:\/\/www.ntu.edu.sg\/pace\/programmes\/detail\/cet142-hip-hop-and-islam-a-sociology-of-generations-perspective"},{"title":"CET143 Politics of Science and Technology","link":"https:\/\/www.ntu.edu.sg\/pace\/programmes\/detail\/cet143-politics-of-science-and-technology"},{"title":"CET144 Governing Social Resilience","link":"https:\/\/www.ntu.edu.sg\/pace\/programmes\/detail\/cet144-governing-social-resilience"},{"title":"CET315 Principles of Solid-State Electronic Devices","link":"https:\/\/www.ntu.edu.sg\/pace\/programmes\/detail\/cet315-principles-of-solid-state-electronic-devices"},{"title":"CET316 Fabrication of Solid-State Electronic Devices","link":"https:\/\/www.ntu.edu.sg\/pace\/programmes\/detail\/cet316-fabrication-of-solid-state-electronic-devices"},{"title":"CET317 Concepts of Nonlinear Optics","link":"https:\/\/www.ntu.edu.sg\/pace\/programmes\/detail\/cet317-concepts-of-nonlinear-optics"},{"title":"CET318 Principles of Nonlinear Optics Experimental Techniques","link":"https:\/\/www.ntu.edu.sg\/pace\/programmes\/detail\/cet318-principles-of-nonlinear-optics-experimental-techniques"},{"title":"CET319 Bridging the industry skills","link":"https:\/\/www.ntu.edu.sg\/pace\/programmes\/detail\/cet319-bridging-the-industry-skills"},{"title":"CET320 Decision Making through Data Analytics","link":"https:\/\/www.ntu.edu.sg\/pace\/programmes\/detail\/cet320-decision-making-through-data-analytics"},{"title":"CET321 Industrial Safety skills and applications","link":"https:\/\/www.ntu.edu.sg\/pace\/programmes\/detail\/cet321-industrial-safety-skills-and-applications"},{"title":"CET322 Innovations through Design Thinking","link":"https:\/\/www.ntu.edu.sg\/pace\/programmes\/detail\/cet322-innovations-through-design-thinking"},{"title":"CET323 Develop your Success in Engineering Career","link":"https:\/\/www.ntu.edu.sg\/pace\/programmes\/detail\/cet323-develop-your-success-in-engineering-career"},{"title":"CET324 From Engineering to Project Management","link":"https:\/\/www.ntu.edu.sg\/pace\/programmes\/detail\/cet324-from-engineering-to-project-management"},{"title":"CET325 Six Sigma for Engineers","link":"https:\/\/www.ntu.edu.sg\/pace\/programmes\/detail\/cet325-six-sigma-for-engineers"},{"title":"CET326 Machine Learning with Python","link":"https:\/\/www.ntu.edu.sg\/pace\/programmes\/detail\/cet326-machine-learning-with-python"},{"title":"CET327 Process Engineering in Chemical Process Industry (CPI)","link":"https:\/\/www.ntu.edu.sg\/pace\/programmes\/detail\/cet327-process-engineering-in-chemical-process-industry-(cpi)"},{"title":"CET328 Process Plant Troubleshooting & Engineering Problem Solving","link":"https:\/\/www.ntu.edu.sg\/pace\/programmes\/detail\/cet328-process-plant-troubleshooting-engineering-problem-solving"},{"title":"CET329 Quality assurance and control in Chemical Process Industry","link":"https:\/\/www.ntu.edu.sg\/pace\/programmes\/detail\/cet329-quality-assurance-and-control-in-chemical-process-industry"},{"title":"CET330 Root Cause Analysis for Incident Investigation","link":"https:\/\/www.ntu.edu.sg\/pace\/programmes\/detail\/cet330-root-cause-analysis-for-incident-investigation"},{"title":"CET331 Practical Supply Chain and Logistics","link":"https:\/\/www.ntu.edu.sg\/pace\/programmes\/detail\/cet331-practical-supply-chain-and-logistics"},{"title":"CET332 Fundamental considerations in the health and biomedical sector","link":"https:\/\/www.ntu.edu.sg\/pace\/programmes\/detail\/cet332-fundamental-considerations-in-the-health-and-biomedical-sector"},{"title":"CET333 Instrumentation Chromatography and Mass Spectrometry","link":"https:\/\/www.ntu.edu.sg\/pace\/programmes\/detail\/cet333-instrumentation-chromatography-and-mass-spectrometry"},{"title":"CET334 Instrumentation FTIR-TGA-Size","link":"https:\/\/www.ntu.edu.sg\/pace\/programmes\/detail\/cet334-instrumentation-ftir-tga-size"},{"title":"CET335 Point-of-Care In Vitro Diagnostics","link":"https:\/\/www.ntu.edu.sg\/pace\/programmes\/detail\/cet335-point-of-care-in-vitro-diagnostics"},{"title":"CET336 Instrumentation Raman Spectroscopy, ICP-OES and XRD","link":"https:\/\/www.ntu.edu.sg\/pace\/programmes\/detail\/cet336-instrumentation-raman-spectroscopy-icp-oes-and-xrd"},{"title":"CET700 Signal Space and Modulation","link":"https:\/\/www.ntu.edu.sg\/pace\/programmes\/detail\/cet700-signal-space-and-modulation"},{"title":"CET701 Error-Correction Coding","link":"https:\/\/www.ntu.edu.sg\/pace\/programmes\/detail\/cet701-error-correction-coding"},{"title":"CET702 Spread-Spectrum Communication System","link":"https:\/\/www.ntu.edu.sg\/pace\/programmes\/detail\/cet702-spread-spectrum-communication-system"},{"title":"CET703 Fibre Optic Network Design I","link":"https:\/\/www.ntu.edu.sg\/pace\/programmes\/detail\/cet703-fibre-optic-network-design-i"},{"title":"CET704 Fibre Optic Network Design II","link":"https:\/\/www.ntu.edu.sg\/pace\/programmes\/detail\/cet704-fibre-optic-network-design-ii"},{"title":"CET705 Fibre Optic Network Design III","link":"https:\/\/www.ntu.edu.sg\/pace\/programmes\/detail\/cet705-fibre-optic-network-design-iii"},{"title":"CET706 Wireless Channel Models","link":"https:\/\/www.ntu.edu.sg\/pace\/programmes\/detail\/cet706-wireless-channel-models"},{"title":"CET707 Fading Mitigation Techniques","link":"https:\/\/www.ntu.edu.sg\/pace\/programmes\/detail\/cet707-fading-mitigation-techniques"},{"title":"CET708 Wireless Networks","link":"https:\/\/www.ntu.edu.sg\/pace\/programmes\/detail\/cet708-wireless-networks"},{"title":"CET709 Fundamentals of Computer Networks","link":"https:\/\/www.ntu.edu.sg\/pace\/programmes\/detail\/cet709-fundamentals-of-computer-networks"},{"title":"CET710 Traffic Engineering in Computer Networks","link":"https:\/\/www.ntu.edu.sg\/pace\/programmes\/detail\/cet710-traffic-engineering-in-computer-networks"},{"title":"CET711 Network Security","link":"https:\/\/www.ntu.edu.sg\/pace\/programmes\/detail\/cet711-network-security"},{"title":"CET712 Passive RF circuits","link":"https:\/\/www.ntu.edu.sg\/pace\/programmes\/detail\/cet712-passive-rf-circuits"},{"title":"CET713 Active RF circuits I","link":"https:\/\/www.ntu.edu.sg\/pace\/programmes\/detail\/cet713-active-rf-circuits-i"},{"title":"CET714 Active RF circuits II","link":"https:\/\/www.ntu.edu.sg\/pace\/programmes\/detail\/cet714-active-rf-circuits-ii"},{"title":"CET715 Discrete Time System Modelling and Analysis","link":"https:\/\/www.ntu.edu.sg\/pace\/programmes\/detail\/minimasters-in-computer-control-and-automation-cet715-discrete-time-system-modelling-and-analysis"},{"title":"CET716 State-Space Design Methods","link":"https:\/\/www.ntu.edu.sg\/pace\/programmes\/detail\/cet716-state-space-design-methods"},{"title":"CET717 Optimal Control, Design and Implementation of Digital Controllers","link":"https:\/\/www.ntu.edu.sg\/pace\/programmes\/detail\/cet717-optimal-control-design-and-implementation-of-digital-controllers"},{"title":"CET718 Linear and Nonlinear Programming","link":"https:\/\/www.ntu.edu.sg\/pace\/programmes\/detail\/cet718-linear-and-nonlinear-programming"},{"title":"CET719 Random Processes and Queuing Models","link":"https:\/\/www.ntu.edu.sg\/pace\/programmes\/detail\/cet719-random-processes-and-queuing-models"},{"title":"CET720 Decision Analysis","link":"https:\/\/www.ntu.edu.sg\/pace\/programmes\/detail\/cet720-decision-analysis"},{"title":"CET721 Robot Kinematics","link":"https:\/\/www.ntu.edu.sg\/pace\/programmes\/detail\/cet721-robot-kinematics"},{"title":"CET722 Robot Control","link":"https:\/\/www.ntu.edu.sg\/pace\/programmes\/detail\/cet722-robot-control"},{"title":"CET723 Robotic Sensing and Sensors","link":"https:\/\/www.ntu.edu.sg\/pace\/programmes\/detail\/cet723-robotic-sensing-and-sensors"},{"title":"CET724 Image Processing for Vision","link":"https:\/\/www.ntu.edu.sg\/pace\/programmes\/detail\/cet724-image-processing-for-vision"},{"title":"CET725 Pattern Recognition and Stereo Vision","link":"https:\/\/www.ntu.edu.sg\/pace\/programmes\/detail\/cet725-pattern-recognition-and-stereo-vision"},{"title":"CET726 Three-dimensional Computer Vision","link":"https:\/\/www.ntu.edu.sg\/pace\/programmes\/detail\/cet726-three-dimensional-computer-vision"},{"title":"CET727 Process Modelling","link":"https:\/\/www.ntu.edu.sg\/pace\/programmes\/detail\/cet727-process-modelling"},{"title":"CET728 Model Predictive Control","link":"https:\/\/www.ntu.edu.sg\/pace\/programmes\/detail\/cet728-model-predictive-control"},{"title":"CET729 Multivariable Process Control","link":"https:\/\/www.ntu.edu.sg\/pace\/programmes\/detail\/cet729-multivariable-process-control"},{"title":"CET730 Digital Filter Design and Spectrum Analysis","link":"https:\/\/www.ntu.edu.sg\/pace\/programmes\/detail\/cet730-digital-filter-design-and-spectrum-analysis"},{"title":"CET731 Multirate Digital Signal Processing","link":"https:\/\/www.ntu.edu.sg\/pace\/programmes\/detail\/cet731-multirate-digital-signal-processing"},{"title":"CET732 Linear Prediction and Optimal Linear Filters","link":"https:\/\/www.ntu.edu.sg\/pace\/programmes\/detail\/cet732-linear-prediction-and-optimal-linear-filters"},{"title":"CET733 Digital Filter Implementation and Analog-Digital Conversion","link":"https:\/\/www.ntu.edu.sg\/pace\/programmes\/detail\/cet733-digital-filter-implementation-and-analog-digital-conversion"},{"title":"CET734 General Purpose Digital Signal Processor","link":"https:\/\/www.ntu.edu.sg\/pace\/programmes\/detail\/cet734-general-purpose-digital-signal-processor"},{"title":"CET735 Algorithms and Architectures for Hardware and VLSI Signal Processing","link":"https:\/\/www.ntu.edu.sg\/pace\/programmes\/detail\/cet735-algorithms-and-architectures-for-hardware-and-vlsi-signal-processing"},{"title":"CET736 Multimedia Compression and Processing","link":"https:\/\/www.ntu.edu.sg\/pace\/programmes\/detail\/cet736-multimedia-compression-and-processing"},{"title":"CET737 Multimedia Networking","link":"https:\/\/www.ntu.edu.sg\/pace\/programmes\/detail\/cet737-multimedia-networking"},{"title":"CET738 Multimedia Systems and Applications","link":"https:\/\/www.ntu.edu.sg\/pace\/programmes\/detail\/cet738-multimedia-systems-and-applications"},{"title":"CET739 Image and Video Fundamentals","link":"https:\/\/www.ntu.edu.sg\/pace\/programmes\/detail\/cet739-image-and-video-fundamentals"},{"title":"CET740 Image and Video Coding Principles and Standards","link":"https:\/\/www.ntu.edu.sg\/pace\/programmes\/detail\/cet740-image-and-video-coding-principles-and-standards"},{"title":"CET741 Image and Video Processing Techniques and Error Control","link":"https:\/\/www.ntu.edu.sg\/pace\/programmes\/detail\/cet741-image-and-video-processing-techniques-and-error-control"},{"title":"CET742 Power Electronic Converters I","link":"https:\/\/www.ntu.edu.sg\/pace\/programmes\/detail\/cet742-power-electronic-converters-i"},{"title":"CET743 Power Electronic Converters II","link":"https:\/\/www.ntu.edu.sg\/pace\/programmes\/detail\/cet743-power-electronic-converters-ii"},{"title":"CET744 Power Electronic Converters III","link":"https:\/\/www.ntu.edu.sg\/pace\/programmes\/detail\/cet744-power-electronic-converters-iii"},{"title":"CET745 Power Quality I","link":"https:\/\/www.ntu.edu.sg\/pace\/programmes\/detail\/cet745-power-quality-i"},{"title":"CET746 Power Quality II","link":"https:\/\/www.ntu.edu.sg\/pace\/programmes\/detail\/cet746-power-quality-ii"},{"title":"CET747 Power Quality III","link":"https:\/\/www.ntu.edu.sg\/pace\/programmes\/detail\/cet747-power-quality-iii"},{"title":"CET748 Renewable Energy Systems in Smart Grids I","link":"https:\/\/www.ntu.edu.sg\/pace\/programmes\/detail\/cet748-renewable-energy-systems-in-smart-grids-i"},{"title":"CET749 Renewable Energy Systems in Smart Grids II","link":"https:\/\/www.ntu.edu.sg\/pace\/programmes\/detail\/cet749-renewable-energy-systems-in-smart-grids-ii"},{"title":"CET750 Renewable Energy Systems in Smart Grids III","link":"https:\/\/www.ntu.edu.sg\/pace\/programmes\/detail\/cet750-renewable-energy-systems-in-smart-grids-iii"},{"title":"CET751 Power System Operation and Planning I","link":"https:\/\/www.ntu.edu.sg\/pace\/programmes\/detail\/cet751-power-system-operation-and-planning-i"},{"title":"CET752 Power System Operation and Planning II","link":"https:\/\/www.ntu.edu.sg\/pace\/programmes\/detail\/cet752-power-system-operation-and-planning-ii"},{"title":"CET753 Power System Operation and Planning III","link":"https:\/\/www.ntu.edu.sg\/pace\/programmes\/detail\/cet753-power-system-operation-and-planning-iii"},{"title":"CET754 Power System Modelling and Control I","link":"https:\/\/www.ntu.edu.sg\/pace\/programmes\/detail\/cet754-power-system-modelling-and-control-i"},{"title":"CET755 Power System Modelling and Control II","link":"https:\/\/www.ntu.edu.sg\/pace\/programmes\/detail\/cet755-power-system-modelling-and-control-ii"},{"title":"CET756 Power System Modelling and Control III","link":"https:\/\/www.ntu.edu.sg\/pace\/programmes\/detail\/cet756-power-system-modelling-and-control-iii"},{"title":"CET757 Digital Integrated Circuit Design I","link":"https:\/\/www.ntu.edu.sg\/pace\/programmes\/detail\/cet757-digital-integrated-circuit-design-i"},{"title":"CET758 Digital Integrated Circuit Design II","link":"https:\/\/www.ntu.edu.sg\/pace\/programmes\/detail\/cet758-digital-integrated-circuit-design-ii"},{"title":"CET759 Digital Integrated Circuit Design III","link":"https:\/\/www.ntu.edu.sg\/pace\/programmes\/detail\/cet759-digital-integrated-circuit-design-iii"},{"title":"CET760 Advanced Topics in Semiconductor Devices I","link":"https:\/\/www.ntu.edu.sg\/pace\/programmes\/detail\/cet760-advanced-topics-in-semiconductor-devices-i"},{"title":"CET761 Advanced Topics in Semiconductor Devices II","link":"https:\/\/www.ntu.edu.sg\/pace\/programmes\/detail\/cet761-advanced-topics-in-semiconductor-devices-ii"},{"title":"CET762 Advanced Topics in Semiconductor Devices III","link":"https:\/\/www.ntu.edu.sg\/pace\/programmes\/detail\/cet762-advanced-topics-in-semiconductor-devices-iii"},{"title":"CET763 Advanced Wafer Processing I","link":"https:\/\/www.ntu.edu.sg\/pace\/programmes\/detail\/cet763-advanced-wafer-processing-i"},{"title":"CET764 Advanced Wafer Processing II","link":"https:\/\/www.ntu.edu.sg\/pace\/programmes\/detail\/cet764-advanced-wafer-processing-ii"},{"title":"CET765 Lithography Processes for Next Generation of Nano Scale Smart Devices","link":"https:\/\/www.ntu.edu.sg\/pace\/programmes\/detail\/cet765-lithography-processes-for-next-generation-of-nano-scale-smart-devices"},{"title":"CET766 Analog Integrated Circuit Design I","link":"https:\/\/www.ntu.edu.sg\/pace\/programmes\/detail\/cet766-analog-integrated-circuit-design-i"},{"title":"CET767 Analog Integrated Circuit Design II","link":"https:\/\/www.ntu.edu.sg\/pace\/programmes\/detail\/cet767-analog-integrated-circuit-design-ii"},{"title":"CET768 Analog Integrated Circuit Design III","link":"https:\/\/www.ntu.edu.sg\/pace\/programmes\/detail\/cet768-analog-integrated-circuit-design-iii"},{"title":"CET769 Integrated Circuit (IC) Packaging I","link":"https:\/\/www.ntu.edu.sg\/pace\/programmes\/detail\/cet769-integrated-circuit-(ic)-packaging-i"},{"title":"CET770 Integrated Circuit (IC) Packaging II","link":"https:\/\/www.ntu.edu.sg\/pace\/programmes\/detail\/cet770-integrated-circuit-(ic)-packaging-ii"},{"title":"CET771 Integrated Circuit (IC) Packaging III","link":"https:\/\/www.ntu.edu.sg\/pace\/programmes\/detail\/cet771-integrated-circuit-(ic)-packaging-iii"},{"title":"CET772 Principles and Adaptation","link":"https:\/\/www.ntu.edu.sg\/pace\/programmes\/detail\/cet772-principles-and-adaptation"},{"title":"CET773 Variation and Nonstoichiometry","link":"https:\/\/www.ntu.edu.sg\/pace\/programmes\/detail\/cet773-variation-and-nonstoichiometry"},{"title":"CET774 Organic Structural Materials","link":"https:\/\/www.ntu.edu.sg\/pace\/programmes\/detail\/cet774-organic-structural-materials"},{"title":"CET775 Organic Electronic Materials","link":"https:\/\/www.ntu.edu.sg\/pace\/programmes\/detail\/cet775-organic-electronic-materials"},{"title":"CET776 Organic Optical Materials","link":"https:\/\/www.ntu.edu.sg\/pace\/programmes\/detail\/cet776-organic-optical-materials"},{"title":"CET777 Thermal Analysis","link":"https:\/\/www.ntu.edu.sg\/pace\/programmes\/detail\/cet777-thermal-analysis"},{"title":"CET778 Surface Analysis","link":"https:\/\/www.ntu.edu.sg\/pace\/programmes\/detail\/cet778-surface-analysis"},{"title":"CET779 Tissue  Material Interactions","link":"https:\/\/www.ntu.edu.sg\/pace\/programmes\/detail\/cet779-tissue-material-interactions"},{"title":"CET780 Materials in Medicine","link":"https:\/\/www.ntu.edu.sg\/pace\/programmes\/detail\/cet780-materials-in-medicine"},{"title":"CET781 Tissue Engineering & Drug Delivery","link":"https:\/\/www.ntu.edu.sg\/pace\/programmes\/detail\/cet781-tissue-engineering-drug-delivery"},{"title":"CET782 Processes for Particulate Materials and Bulk Materials","link":"https:\/\/www.ntu.edu.sg\/pace\/programmes\/detail\/cet782-processes-for-particulate-materials-and-bulk-materials"},{"title":"CET783 Vacuum Processes","link":"https:\/\/www.ntu.edu.sg\/pace\/programmes\/detail\/cet783-vacuum-processes"},{"title":"CET784 Solution Processes","link":"https:\/\/www.ntu.edu.sg\/pace\/programmes\/detail\/cet784-solution-processes"},{"title":"CET785 Fundamentals of Electron Microscopy","link":"https:\/\/www.ntu.edu.sg\/pace\/programmes\/detail\/cet785-fundamentals-of-electron-microscopy"},{"title":"CET786 Advanced Characterization using TEM Techniques","link":"https:\/\/www.ntu.edu.sg\/pace\/programmes\/detail\/cet786-advanced-characterization-using-tem-techniques"},{"title":"CET787 Foundations of Computation Thinking and Programming","link":"https:\/\/www.ntu.edu.sg\/pace\/programmes\/detail\/cet787-foundations-of-computation-thinking-and-programming"},{"title":"CET788 AI 1: AI Foundation","link":"https:\/\/www.ntu.edu.sg\/pace\/programmes\/detail\/cet788-ai-1-ai-foundation"},{"title":"CET789 AI 2: Reinforcement Learning","link":"https:\/\/www.ntu.edu.sg\/pace\/programmes\/detail\/cet789-ai-2-reinforcement-learning"},{"title":"CET790 AI 3: Computational Game Theory","link":"https:\/\/www.ntu.edu.sg\/pace\/programmes\/detail\/cet790-ai-3-computational-game-theory"},{"title":"CET791 ML1: Supervised learning: Bayesian decision theory and classifiers","link":"https:\/\/www.ntu.edu.sg\/pace\/programmes\/detail\/cet791-ml1-supervised-learning-bayesian-decision-theory-and-classifiers"},{"title":"CET792 ML2: Supervised learning: Non-probabilistic classifiers","link":"https:\/\/www.ntu.edu.sg\/pace\/programmes\/detail\/cet792-ml2-supervised-learning-non-probabilistic-classifiers"},{"title":"CET793 ML3: Unsupervised learning","link":"https:\/\/www.ntu.edu.sg\/pace\/programmes\/detail\/cet793-ml3-unsupervised-learning"},{"title":"CET794 AI Ethics 1: Foundations of AI Ethics","link":"https:\/\/www.ntu.edu.sg\/pace\/programmes\/detail\/cet794-ai-ethics-1-foundations-of-ai-ethics"},{"title":"CET795 AI Ethics 2: AI Ethic Standardization","link":"https:\/\/www.ntu.edu.sg\/pace\/programmes\/detail\/cet795-ai-ethics-2-ai-ethic-standardization"},{"title":"CET796 Introduction to Computer Vision","link":"https:\/\/www.ntu.edu.sg\/pace\/programmes\/detail\/cet796-introduction-to-computer-vision"},{"title":"CET797 Body of Knowledge (BoK) for AI Ethics and Governance","link":"https:\/\/www.ntu.edu.sg\/pace\/programmes\/detail\/cet797-body-of-knowledge-(bok)-for-ai-ethics-and-governance"},{"title":"CET798 AI Ethics Governance Framework for Organisations","link":"https:\/\/www.ntu.edu.sg\/pace\/programmes\/detail\/cet798-ai-ethics-governance-framework-for-organisations"},{"title":"CET799 Business Liability and Ethics in AI Usage","link":"https:\/\/www.ntu.edu.sg\/pace\/programmes\/detail\/cet799-business-liability-and-ethics-in-ai-usage"},{"title":"CET800 AI Ethics 3: Ethics in Data Processing","link":"https:\/\/www.ntu.edu.sg\/pace\/programmes\/detail\/cet800-ethics-in-data-processing"},{"title":"CET801 Governance for AI Explainability","link":"https:\/\/www.ntu.edu.sg\/pace\/programmes\/detail\/cet801-governance-for-ai-explainability"},{"title":"CET802 DS1: Descriptive Analytics","link":"https:\/\/www.ntu.edu.sg\/pace\/programmes\/detail\/cet802-ds1-descriptive-analytics"},{"title":"CET803 DS2: Predictive Analytics","link":"https:\/\/www.ntu.edu.sg\/pace\/programmes\/detail\/cet803-ds2-predictive-analytics"},{"title":"CET804 DS3: Pattern Recognition","link":"https:\/\/www.ntu.edu.sg\/pace\/programmes\/detail\/cet804-ds3-pattern-recognition"},{"title":"CET806 Application 1: Introduction to Affective AI","link":"https:\/\/www.ntu.edu.sg\/pace\/programmes\/detail\/cet806-application-1-introduction-to-affective-ai"},{"title":"CET807 Application 2: Introduction to Computer Vision","link":"https:\/\/www.ntu.edu.sg\/pace\/programmes\/detail\/cet807-application-2-introduction-to-computer-vision"},{"title":"CET808 Application 3: Introduction to Cloud AI","link":"https:\/\/www.ntu.edu.sg\/pace\/programmes\/detail\/cet808-application-3-introduction-to-cloud-ai"},{"title":"CET809 Construction Management-A","link":"https:\/\/www.ntu.edu.sg\/pace\/programmes\/detail\/cet809-construction-management-a"},{"title":"CET810 Construction Management-B","link":"https:\/\/www.ntu.edu.sg\/pace\/programmes\/detail\/cet810-construction-management-b"},{"title":"CET811 Construction Management-C","link":"https:\/\/www.ntu.edu.sg\/pace\/programmes\/detail\/cet811-construction-management-c"},{"title":"CET812 Construction Technology - A","link":"https:\/\/www.ntu.edu.sg\/pace\/programmes\/detail\/cet812-construction-technology---a"},{"title":"CET813 Construction Technology - B","link":"https:\/\/www.ntu.edu.sg\/pace\/programmes\/detail\/cet813-construction-technology---b"},{"title":"CET814 Construction Technology - C","link":"https:\/\/www.ntu.edu.sg\/pace\/programmes\/detail\/cet814-construction-technology---c"},{"title":"CET815 Project Financing -A","link":"https:\/\/www.ntu.edu.sg\/pace\/programmes\/detail\/cet815-project-financing--a"},{"title":"CET816 Project Financing -B","link":"https:\/\/www.ntu.edu.sg\/pace\/programmes\/detail\/cet816-project-financing--b"},{"title":"CET817 Project Financing -C","link":"https:\/\/www.ntu.edu.sg\/pace\/programmes\/detail\/cet817-project-financing--c"},{"title":"CET818 International Construction & Marketing - A","link":"https:\/\/www.ntu.edu.sg\/pace\/programmes\/detail\/cet818-international-construction-marketing---a"},{"title":"CET819 International Construction & Marketing - B","link":"https:\/\/www.ntu.edu.sg\/pace\/programmes\/detail\/cet819-international-construction-marketing---b"},{"title":"CET820 International Construction & Marketing - C","link":"https:\/\/www.ntu.edu.sg\/pace\/programmes\/detail\/cet820-international-construction-marketing---c"},{"title":"CET821 Information Technology in Construction - A","link":"https:\/\/www.ntu.edu.sg\/pace\/programmes\/detail\/cet821-information-technology-in-construction---a"},{"title":"CET822 Information Technology in Construction - B","link":"https:\/\/www.ntu.edu.sg\/pace\/programmes\/detail\/cet822-information-technology-in-construction---b"},{"title":"CET823 Information Technology in Construction - C","link":"https:\/\/www.ntu.edu.sg\/pace\/programmes\/detail\/cet823-information-technology-in-construction---c"},{"title":"CET824 Basic Optical Engineering","link":"https:\/\/www.ntu.edu.sg\/pace\/programmes\/detail\/cet824-basic-optical-engineering"},{"title":"CET825 Fibre Lasers for Various Industry Applications","link":"https:\/\/www.ntu.edu.sg\/pace\/programmes\/detail\/cet825-fibre-lasers-for-various-industry-applications"},{"title":"CET826 Understanding Fibre Optic Distributed Network for IoT Infrastructure","link":"https:\/\/www.ntu.edu.sg\/pace\/programmes\/detail\/cet826-understanding-fibre-optic-distributed-network-for-iot-infrastructure"},{"title":"CET827 Fibre based Components for High Speed IoT Applications","link":"https:\/\/www.ntu.edu.sg\/pace\/programmes\/detail\/cet827-fibre-based-components-for-high-speed-iot-applications"},{"title":"CET828 Understanding the Principles, Structures, Packaging, Installation and Signal Processing of Optical Fibre Sensing Technology","link":"https:\/\/www.ntu.edu.sg\/pace\/programmes\/detail\/cet828-understanding-the-principles-structures-packaging-installation-and-signal-processing-of-optical-fibre-sensing-technology"},{"title":"CET829 Engineering Metrology","link":"https:\/\/www.ntu.edu.sg\/pace\/programmes\/detail\/cet829-engineering-metrology"},{"title":"CET830 Optical Fibre Design and Fabrication for High Power Laser and Telecommunication Applications","link":"https:\/\/www.ntu.edu.sg\/pace\/programmes\/detail\/cet830-optical-fibre-design-and-fabrication-for-high-power-laser-and-telecommunication-applications"},{"title":"CET831 Lasers and Optics for Smart Manufacturing (I 4.0)- Current Practices and Future Prospects","link":"https:\/\/www.ntu.edu.sg\/pace\/programmes\/detail\/cet831-lasers-and-optics-for-smart-manufacturing-(i-4.0)--current-practices-and-future-prospects"},{"title":"CET832 Laser Manufacturing Processes","link":"https:\/\/www.ntu.edu.sg\/pace\/programmes\/detail\/cet832-laser-manufacturing-processes"},{"title":"CET833 Organic Light Emitting Diode Technology for Flat Panel Information Displays","link":"https:\/\/www.ntu.edu.sg\/pace\/programmes\/detail\/cet833-organic-light-emitting-diode-technology-for-flat-panel-information-displays"},{"title":"CET834 Understanding of basic device structure and operating principles of displays and LEDs","link":"https:\/\/www.ntu.edu.sg\/pace\/programmes\/detail\/cet834-understanding-of-basic-device-structure-and-operating-principles-of-displays-and-leds"},{"title":"CET835 Laser Machining and 3D Printing for Industry","link":"https:\/\/www.ntu.edu.sg\/pace\/programmes\/detail\/cet835-laser-machining-and-3d-printing-for-industry"},{"title":"CET836 Smart Optical Sensors for Smart Manufacturing","link":"https:\/\/www.ntu.edu.sg\/pace\/programmes\/detail\/cet836-smart-optical-sensors-for-smart-manufacturing"},{"title":"CET837 Bio-imaging","link":"https:\/\/www.ntu.edu.sg\/pace\/programmes\/detail\/cet837-bio-imaging"},{"title":"CET900 Fundamentals of Entrepreneurship","link":"https:\/\/www.ntu.edu.sg\/pace\/programmes\/detail\/minimasters-in-technopreneurship-and-innovation-entrepreneurship-foundation"},{"title":"CM9101 Food Chemistry and Analysis","link":"https:\/\/www.ntu.edu.sg\/pace\/programmes\/detail\/cm9101-food-chemistry-and-analysis"},{"title":"CM9102 Food Analysis and Safety","link":"https:\/\/www.ntu.edu.sg\/pace\/programmes\/detail\/cm9102-food-analysis-and-safety"},{"title":"CM9103 Food Processing and Preservation","link":"https:\/\/www.ntu.edu.sg\/pace\/programmes\/detail\/cm9103-food-processing-and-preservation"},{"title":"CV2014 Geotechnical Engineering","link":"https:\/\/www.ntu.edu.sg\/pace\/programmes\/detail\/cv2014-geotechnical-engineering"},{"title":"CV3011 Reinforced Concrete Design","link":"https:\/\/www.ntu.edu.sg\/pace\/programmes\/detail\/cv3011-reinforced-concrete-design"},{"title":"CV3012 Steel Design","link":"https:\/\/www.ntu.edu.sg\/pace\/programmes\/detail\/cv3012-steel-design"},{"title":"CV3016 Construction Technology & Processes","link":"https:\/\/www.ntu.edu.sg\/pace\/programmes\/detail\/cv3016-construction-technology-processes"},{"title":"CV6212 Construction Management","link":"https:\/\/www.ntu.edu.sg\/pace\/programmes\/detail\/cv6212-construction-management"},{"title":"CV6213 Construction Technology","link":"https:\/\/www.ntu.edu.sg\/pace\/programmes\/detail\/cv6213-construction-technology"},{"title":"CV6216 Techniques of Project Planning & Control","link":"https:\/\/www.ntu.edu.sg\/pace\/programmes\/detail\/cv6216-techniques-of-project-planning-control"},{"title":"CV6217 Information Technology in Construction","link":"https:\/\/www.ntu.edu.sg\/pace\/programmes\/detail\/cv6217-information-technology-in-construction"},{"title":"CZ1007 Data Structures","link":"https:\/\/www.ntu.edu.sg\/pace\/programmes\/detail\/cz1007-data-structures"},{"title":"CZ1106 Computer Organisation and Architecture","link":"https:\/\/www.ntu.edu.sg\/pace\/programmes\/detail\/cz1006-computer-organisation-and-architecture"},{"title":"CZ2001 Algorithms","link":"https:\/\/www.ntu.edu.sg\/pace\/programmes\/detail\/cz2001-algorithms"},{"title":"CZ2002 Object Oriented Design and Programming","link":"https:\/\/www.ntu.edu.sg\/pace\/programmes\/detail\/cz2002-object-oriented-design-and-programming"},{"title":"CZ2005 Operating Systems","link":"https:\/\/www.ntu.edu.sg\/pace\/programmes\/detail\/cz2005-operating-systems"},{"title":"CZ2006 Software Engineering","link":"https:\/\/www.ntu.edu.sg\/pace\/programmes\/detail\/cz2006-software-engineering"},{"title":"CZ2100 Probability and Statistics  for Computing","link":"https:\/\/www.ntu.edu.sg\/pace\/programmes\/detail\/cz2100-probability-and-statistics-for-computing"},{"title":"CZ3005 Artificial Intelligence","link":"https:\/\/www.ntu.edu.sg\/pace\/programmes\/detail\/cz3005-artificial-intelligence"},{"title":"CZ4024 Cryptography and Network Security","link":"https:\/\/www.ntu.edu.sg\/pace\/programmes\/detail\/cz4024-cryptography-and-network-security"},{"title":"CZ4032 Data Analytics and Mining","link":"https:\/\/www.ntu.edu.sg\/pace\/programmes\/detail\/cz4032-data-analytics-and-mining"},{"title":"CZ4041 Machine Learning","link":"https:\/\/www.ntu.edu.sg\/pace\/programmes\/detail\/cz4041-machine-learning"},{"title":"CZ4042 Neural Networks and Deep Learning","link":"https:\/\/www.ntu.edu.sg\/pace\/programmes\/detail\/cz4042-neutral-networks-and-deep-learning"},{"title":"CZ4046 Intelligent Agents","link":"https:\/\/www.ntu.edu.sg\/pace\/programmes\/detail\/cz4046-intelligent-agents"},{"title":"CZ4062 Computer Security (System Security)","link":"https:\/\/www.ntu.edu.sg\/pace\/programmes\/detail\/cz4062-computer-security-(system-security)"},{"title":"CZ4064 Security Management","link":"https:\/\/www.ntu.edu.sg\/pace\/programmes\/detail\/cz4064-security-management"},{"title":"CZ4067 Software Security","link":"https:\/\/www.ntu.edu.sg\/pace\/programmes\/detail\/cz4067-software-security"},{"title":"CZ4069 Concepts and Techniques for Malware Analysis","link":"https:\/\/www.ntu.edu.sg\/pace\/programmes\/detail\/cz4069-concepts-and-techniques-for-malware-analysis"},{"title":"CZ4071 Network Science","link":"https:\/\/www.ntu.edu.sg\/pace\/programmes\/detail\/cz4071-network-science"},{"title":"Cloud Computing - What IT Auditors Need to Know","link":"https:\/\/www.ntu.edu.sg\/pace\/programmes\/detail\/cloud-computing---what-it-auditors-need-to-know"},{"title":"Cloud Computing Security and Compliance 101","link":"https:\/\/www.ntu.edu.sg\/pace\/programmes\/detail\/cloud-computing-security-and-compliance-101"},{"title":"Corrosion Engineering","link":"https:\/\/www.ntu.edu.sg\/pace\/programmes\/detail\/corrosion-engineering"},{"title":"Critical Thinking for Innovation in Enterprises","link":"https:\/\/www.ntu.edu.sg\/pace\/programmes\/detail\/critical-thinking-for-innovation-in-enterprises"},{"title":"Cryptography for Managers & Non-Techies","link":"https:\/\/www.ntu.edu.sg\/pace\/programmes\/detail\/cryptography-for-managers-non-techies"},{"title":"Data Analysis and Analytics - Practical Application","link":"https:\/\/www.ntu.edu.sg\/pace\/programmes\/detail\/data-analysis-and-analytics---practical-application"},{"title":"Data and Information Sources in Analytics","link":"https:\/\/www.ntu.edu.sg\/pace\/programmes\/detail\/data-and-information-sources-in-analytics"},{"title":"Design Thinking Workshop","link":"https:\/\/www.ntu.edu.sg\/pace\/programmes\/detail\/design-thinking-workshop"},{"title":"Design Thinking for Problem Solving and Innovation: Achieve Breakthrough Solutions","link":"https:\/\/www.ntu.edu.sg\/pace\/programmes\/detail\/design-thinking-for-problem-solving-and-innovation-achieve-breakthrough-solutions"},{"title":"Design for Assembly in Manufacturing v2","link":"https:\/\/www.ntu.edu.sg\/pace\/programmes\/detail\/design-for-assembly-in-manufacturing"},{"title":"Developing an Innovative Food Business Ecosystem with Global Presence","link":"https:\/\/www.ntu.edu.sg\/pace\/programmes\/detail\/developing-an-innovative-food-business-ecosystem-with-global-presence"},{"title":"EE1003 Introduction to Materials for Electronics","link":"https:\/\/www.ntu.edu.sg\/pace\/programmes\/detail\/ee1003-introduction-to-materials-for-electronics"},{"title":"EE2001 Circuit Analysis","link":"https:\/\/www.ntu.edu.sg\/pace\/programmes\/detail\/ee2001-circuit-analysis"},{"title":"EE2004 Digital Electronics","link":"https:\/\/www.ntu.edu.sg\/pace\/programmes\/detail\/ee2004-digital-electronics"},{"title":"EE2008 Data Structures and Algorithms","link":"https:\/\/www.ntu.edu.sg\/pace\/programmes\/detail\/ee2008-data-structures-and-algorithms"},{"title":"EE3010 Electrical Devices and Machines","link":"https:\/\/www.ntu.edu.sg\/pace\/programmes\/detail\/ee3010-electrical-devices-and-machines"},{"title":"EE3011 Modelling & Control","link":"https:\/\/www.ntu.edu.sg\/pace\/programmes\/detail\/ee3011-modelling-control"},{"title":"EE3015 Power Systems and Conversion","link":"https:\/\/www.ntu.edu.sg\/pace\/programmes\/detail\/ee3015-power-systems-and-conversion"},{"title":"EE3017 Computer Communications","link":"https:\/\/www.ntu.edu.sg\/pace\/programmes\/detail\/ee3017-computer-communications"},{"title":"EE4001 Software Engineering","link":"https:\/\/www.ntu.edu.sg\/pace\/programmes\/detail\/ee4001-software-engineering"},{"title":"EE4110 Optical Communication System Design","link":"https:\/\/www.ntu.edu.sg\/pace\/programmes\/detail\/ee4110-optical-communication-system-design"},{"title":"EE4504 Design of Clean Energy Systems","link":"https:\/\/www.ntu.edu.sg\/pace\/programmes\/detail\/ee4504-design-of-clean-energy-systems"},{"title":"EE4532 Power Electronics and Drives","link":"https:\/\/www.ntu.edu.sg\/pace\/programmes\/detail\/ee4532-power-electronics-and-drives"},{"title":"EE4534 Modern Distribution Systems with Renewable Resources","link":"https:\/\/www.ntu.edu.sg\/pace\/programmes\/detail\/ee4534-modern-distribution-systems-with-renewable-resources"},{"title":"EE4761 Computer Networking","link":"https:\/\/www.ntu.edu.sg\/pace\/programmes\/detail\/ee4761-computer-networking"},{"title":"EM9105 Energy Resources Management","link":"https:\/\/www.ntu.edu.sg\/pace\/programmes\/detail\/em9105-energy-resources-management"},{"title":"EM9107 Environmental Health and Safety Management","link":"https:\/\/www.ntu.edu.sg\/pace\/programmes\/detail\/em9107-environmental-health-and-safety-management"},{"title":"ET0001 Enterprise & Innovation","link":"https:\/\/www.ntu.edu.sg\/pace\/programmes\/detail\/et0001-enterprise-innovation"},{"title":"Engineering Economy & Corporate Finance","link":"https:\/\/www.ntu.edu.sg\/pace\/programmes\/detail\/engineering-economy-corporate-finance"},{"title":"Engineering Mathematics - Calculus","link":"https:\/\/www.ntu.edu.sg\/pace\/programmes\/detail\/engineering-mathematics---calculus"},{"title":"Engineering Mechanics - Statics","link":"https:\/\/www.ntu.edu.sg\/pace\/programmes\/detail\/engineering-mechanics---statics"},{"title":"Entrepreneurship & Innovation in a Digital Future","link":"https:\/\/www.ntu.edu.sg\/pace\/programmes\/detail\/entrepreneurship-innovation-in-a-digital-future"},{"title":"Establish Lean Six Sigma Methodology","link":"https:\/\/www.ntu.edu.sg\/pace\/programmes\/detail\/establish-lean-six-sigma-methodology"},{"title":"Failure Analysis of Shafts, Gears And Bearings","link":"https:\/\/www.ntu.edu.sg\/pace\/programmes\/detail\/failure-analysis-of-shafts-gears-and-bearings"},{"title":"Failure and Damage Mechanisms of Pressurized Equipment","link":"https:\/\/www.ntu.edu.sg\/pace\/programmes\/detail\/failure-and-damage-mechanisms-of-pressurized-equipment"},{"title":"Forensic Engineering Investigation","link":"https:\/\/www.ntu.edu.sg\/pace\/programmes\/detail\/forensic-engineering-investigation"},{"title":"Fundamentals of Branding & Design","link":"https:\/\/www.ntu.edu.sg\/pace\/programmes\/detail\/fundamentals-of-branding-design"},{"title":"Fundamentals of Computing","link":"https:\/\/www.ntu.edu.sg\/pace\/programmes\/detail\/fundamentals-of-computing"},{"title":"GC0001 Sustainability: Seeing Through the Haze","link":"https:\/\/www.ntu.edu.sg\/pace\/programmes\/detail\/gc0001-sustainability-seeing-through-the-haze"},{"title":"Gear Failures and Tribology of Gears","link":"https:\/\/www.ntu.edu.sg\/pace\/programmes\/detail\/gear-failures-and-tribology-of-gears"},{"title":"Gears - Definition, Manufacturing, Control and Implementation","link":"https:\/\/www.ntu.edu.sg\/pace\/programmes\/detail\/gears---definition-manufacturing-control-and-implementation"},{"title":"Geometric Dimensioning & Tolerancing","link":"https:\/\/www.ntu.edu.sg\/pace\/programmes\/detail\/geometric-dimensioning-tolerancing"},{"title":"HC8002 Understanding Chinese Cinemas","link":"https:\/\/www.ntu.edu.sg\/pace\/programmes\/detail\/hc8002-understanding-chinese-cinemas"},{"title":"HE9091 Principles of Economics","link":"https:\/\/www.ntu.edu.sg\/pace\/programmes\/detail\/he9091-principles-of-economics"},{"title":"HG8004 Communication Across Cultural Context","link":"https:\/\/www.ntu.edu.sg\/pace\/programmes\/detail\/hg8004-communication-across-cultural-context"},{"title":"HP8001 Mind Over Stress","link":"https:\/\/www.ntu.edu.sg\/pace\/programmes\/detail\/hp8001-mind-over-stress"},{"title":"HP8002 Working in the 21st Century","link":"https:\/\/www.ntu.edu.sg\/pace\/programmes\/detail\/hp8002-working-in-the-21st-century"},{"title":"HP8003 Are you Okay? Mental Health in Singapore","link":"https:\/\/www.ntu.edu.sg\/pace\/programmes\/detail\/hp8003-are-you-okay-mental-health-in-singapore"},{"title":"HP8005 Introduction to Human Resource Management","link":"https:\/\/www.ntu.edu.sg\/pace\/programmes\/detail\/hp8005-introduction-to-human-resource-management"},{"title":"HZ9101 Introduction to Creative Writing","link":"https:\/\/www.ntu.edu.sg\/pace\/programmes\/detail\/hz9101-introduction-to-creative-writing"},{"title":"Health Coaching for Older Adults","link":"https:\/\/www.ntu.edu.sg\/pace\/programmes\/detail\/health-coaching-for-older-adults"},{"title":"Human Centred Design for Web & Mobile","link":"https:\/\/www.ntu.edu.sg\/pace\/programmes\/detail\/human-centred-design-for-web-mobile"},{"title":"Implement Optical Metrology","link":"https:\/\/www.ntu.edu.sg\/pace\/programmes\/detail\/implement-optical-metrology"},{"title":"Industrial Internet of Things for Advanced Manufacturing","link":"https:\/\/www.ntu.edu.sg\/pace\/programmes\/detail\/industrial-internet-of-things-for-advanced-manufacturing"},{"title":"Innovation & Entrepreneurship: Generating and Protecting Business Ideas to Planning and Launching the Actual Business","link":"https:\/\/www.ntu.edu.sg\/pace\/programmes\/detail\/innovation-entrepreneurship-generating-and-protecting-business-ideas-to-planning-and-launching-the-actual-business"},{"title":"Introduction to Economics","link":"https:\/\/www.ntu.edu.sg\/pace\/programmes\/detail\/introduction-to-economics"},{"title":"Introduction to Engineering Thermodynamics","link":"https:\/\/www.ntu.edu.sg\/pace\/programmes\/detail\/introduction-to-engineering-thermodynamics"},{"title":"L6002 Quantitative Methods for Logistics Analysis","link":"https:\/\/www.ntu.edu.sg\/pace\/programmes\/detail\/l6002-quantitative-methods-for-logistics-analysis"},{"title":"L6003 Corporate Resource Planning","link":"https:\/\/www.ntu.edu.sg\/pace\/programmes\/detail\/l6003-corporate-resource-planning"},{"title":"L6102 Procurement & Supplier Development","link":"https:\/\/www.ntu.edu.sg\/pace\/programmes\/detail\/l6102-procurement-supplier-development"},{"title":"L6103 Supply Chain Analysis and Design","link":"https:\/\/www.ntu.edu.sg\/pace\/programmes\/detail\/l6103-supply-chain-analysis-and-design"},{"title":"L6115 Management of Logistics Functions","link":"https:\/\/www.ntu.edu.sg\/pace\/programmes\/detail\/l6115-management-of-logistics-functions"},{"title":"Laser Machining and 3D Printing for Industry","link":"https:\/\/www.ntu.edu.sg\/pace\/programmes\/detail\/laser-machining-and-3d-printing-for-industry"},{"title":"Life Science","link":"https:\/\/www.ntu.edu.sg\/pace\/programmes\/detail\/life-science"},{"title":"M6141 Quality Engineering","link":"https:\/\/www.ntu.edu.sg\/pace\/programmes\/detail\/m6141-quality-engineering"},{"title":"M6235 Advanced Manufacturing Processes","link":"https:\/\/www.ntu.edu.sg\/pace\/programmes\/detail\/m6235-advanced-manufacturing-processes"},{"title":"M6421 Advanced Design for Manufacturing","link":"https:\/\/www.ntu.edu.sg\/pace\/programmes\/detail\/m6421-advanced-design-for-manufacturing"},{"title":"M6535 Management of Global Manufacturing","link":"https:\/\/www.ntu.edu.sg\/pace\/programmes\/detail\/m6535-management-of-global-manufacturing"},{"title":"M6816 Laser Assisted Manufacturing","link":"https:\/\/www.ntu.edu.sg\/pace\/programmes\/detail\/m6816-laser-assisted-manufacturing"},{"title":"MA1001 Dynamics","link":"https:\/\/www.ntu.edu.sg\/pace\/programmes\/detail\/ma1001-dynamics"},{"title":"MA1002 Fundamental Engineering Materials","link":"https:\/\/www.ntu.edu.sg\/pace\/programmes\/detail\/ma1002-fundamental-engineering-materials"},{"title":"MA4853 Manufacturing Systems","link":"https:\/\/www.ntu.edu.sg\/pace\/programmes\/detail\/ma4853-manufacturing-systems"},{"title":"MA6081 Fundamentals of Project Management","link":"https:\/\/www.ntu.edu.sg\/pace\/programmes\/detail\/ma6081-fundamentals-of-project-management"},{"title":"MA6082 Management of Project Plan, Schedule and Resources","link":"https:\/\/www.ntu.edu.sg\/pace\/programmes\/detail\/ma6082-management-of-project-plan-schedule-and-resources"},{"title":"MA6083 Project Budget and Cost Management","link":"https:\/\/www.ntu.edu.sg\/pace\/programmes\/detail\/ma6083-project-budget-and-cost-management"},{"title":"MA6084 Procurement and Contract Management in Projects","link":"https:\/\/www.ntu.edu.sg\/pace\/programmes\/detail\/ma6084-procurement-and-contract-management-in-projects"},{"title":"MCT902 Crafting the Curriculum","link":"https:\/\/www.ntu.edu.sg\/pace\/programmes\/detail\/mct902-crafting-the-curriculum"},{"title":"MCT912 Curriculum and Programme Evaluation","link":"https:\/\/www.ntu.edu.sg\/pace\/programmes\/detail\/mct912-curriculum-and-programme-evaluation"},{"title":"MCT921 Theory and Practice of Authentic Assessment","link":"https:\/\/www.ntu.edu.sg\/pace\/programmes\/detail\/mct921-theory-and-practice-of-authentic-assessment"},{"title":"MCT935 New Media and 21st Century Learning","link":"https:\/\/www.ntu.edu.sg\/pace\/programmes\/detail\/mct935-new-media-and-21st-century-learning"},{"title":"MDP901 Social and Emotional Development and Assessment","link":"https:\/\/www.ntu.edu.sg\/pace\/programmes\/detail\/mdp901-social-and-emotional-development-and-assessment"},{"title":"MDP902 Cognitive Development and Assessment","link":"https:\/\/www.ntu.edu.sg\/pace\/programmes\/detail\/mdp902-cognitive-development-and-assessment"},{"title":"MDP904 Motivation, Volition and Learning-in-Action","link":"https:\/\/www.ntu.edu.sg\/pace\/programmes\/detail\/mdp904-motivation-volition-and-learning-in-action"},{"title":"MDP907 How to Nurture Creative and Happy Learners","link":"https:\/\/www.ntu.edu.sg\/pace\/programmes\/detail\/mdp907-how-to-nurture-creative-and-happy-learners"},{"title":"MDP909 Assessment and Development of 21st Century Competencies","link":"https:\/\/www.ntu.edu.sg\/pace\/programmes\/detail\/mdp909-assessment-and-development-of-21st-century-competencies"},{"title":"MDR901 Theatre Making: Theory, Practice, Pedagogy","link":"https:\/\/www.ntu.edu.sg\/pace\/programmes\/detail\/mdr901-theatre-making-theory-practice-pedagogy"},{"title":"MDR902 Drama Education, Curriculum and Assessment","link":"https:\/\/www.ntu.edu.sg\/pace\/programmes\/detail\/mdr902-drama-education-curriculum-and-assessment"},{"title":"MDR903 The Teacher as Facili-Actor","link":"https:\/\/www.ntu.edu.sg\/pace\/programmes\/detail\/mdr903-the-teacher-as-facili-actor"},{"title":"MDR904 Arts-based Research","link":"https:\/\/www.ntu.edu.sg\/pace\/programmes\/detail\/mdr904-arts-based-research"},{"title":"MEA902 Visual Arts and Creativity","link":"https:\/\/www.ntu.edu.sg\/pace\/programmes\/detail\/mea902-visual-arts-and-creativity"},{"title":"MEA903 Art and New Media Technology","link":"https:\/\/www.ntu.edu.sg\/pace\/programmes\/detail\/mea903-art-and-new-media-technology"},{"title":"MES911 Psychology of Physical Activity","link":"https:\/\/www.ntu.edu.sg\/pace\/programmes\/detail\/mes911-psychology-of-physical-activity"},{"title":"MES912 Sports Injuries - Understanding, Prevention and Management","link":"https:\/\/www.ntu.edu.sg\/pace\/programmes\/detail\/mes912-sports-injuries---understanding-prevention-and-management"},{"title":"MH1810 Mathematics I","link":"https:\/\/www.ntu.edu.sg\/pace\/programmes\/detail\/mh1810-mathematics-i"},{"title":"MH1812 Discrete Mathematics","link":"https:\/\/www.ntu.edu.sg\/pace\/programmes\/detail\/mh1812-discrete-mathematics"},{"title":"MH2810 Mathematics A","link":"https:\/\/www.ntu.edu.sg\/pace\/programmes\/detail\/mh2810-mathematics-a"},{"title":"MH6811 Machine Learning in Finance","link":"https:\/\/www.ntu.edu.sg\/pace\/programmes\/detail\/mh6811-machine-learning-in-finance"},{"title":"MH8101 Operation Research I","link":"https:\/\/www.ntu.edu.sg\/pace\/programmes\/detail\/mh8101-operation-research-i"},{"title":"MH8131 Probability and Statistics","link":"https:\/\/www.ntu.edu.sg\/pace\/programmes\/detail\/mh8131-probability-and-statistics"},{"title":"MH8141 Time Series Analysis","link":"https:\/\/www.ntu.edu.sg\/pace\/programmes\/detail\/mh8141-time-series-analysis"},{"title":"MH8321 Statistical Modelling and Data Analysis","link":"https:\/\/www.ntu.edu.sg\/pace\/programmes\/detail\/mh8321-statistical-modelling-and-data-analysis"},{"title":"MH8331 Financial & Risk Analytics I","link":"https:\/\/www.ntu.edu.sg\/pace\/programmes\/detail\/mh8331-financial-risk-analytics-i"},{"title":"MH8332 Financial & Risk Analytics II","link":"https:\/\/www.ntu.edu.sg\/pace\/programmes\/detail\/mh8332-financial-risk-analytics-ii"},{"title":"MH8801 Introduction to FinTech","link":"https:\/\/www.ntu.edu.sg\/pace\/programmes\/detail\/mh8801-introduction-to-fintech"},{"title":"MH8802 FinTech Ecosystem and Innovations","link":"https:\/\/www.ntu.edu.sg\/pace\/programmes\/detail\/mh8802-fintech-ecosystem-and-innovations"},{"title":"MH8811 Python Programming","link":"https:\/\/www.ntu.edu.sg\/pace\/programmes\/detail\/mh8811-python-programming"},{"title":"MH8812 Python for Data Analysis","link":"https:\/\/www.ntu.edu.sg\/pace\/programmes\/detail\/mh8812-python-for-data-analysis"},{"title":"MHA901 Understanding Learners with  High Ability and their Affective and Moral  Needs","link":"https:\/\/www.ntu.edu.sg\/pace\/programmes\/detail\/mha901-understanding-learners-with-high-ability-and-their-affective-and-moral-needs"},{"title":"MID901 Instructional Design Models and Practices","link":"https:\/\/www.ntu.edu.sg\/pace\/programmes\/detail\/mid901-instructional-design-models-and-practices"},{"title":"MID917 Designing E-Learning","link":"https:\/\/www.ntu.edu.sg\/pace\/programmes\/detail\/mid917-designing-e-learning"},{"title":"MID922 E-Learning Tools for Training","link":"https:\/\/www.ntu.edu.sg\/pace\/programmes\/detail\/mid922-e-learning-tools-for-training"},{"title":"MID941 Evaluation Model and Methods","link":"https:\/\/www.ntu.edu.sg\/pace\/programmes\/detail\/mid941-evaluation-model-and-methods"},{"title":"MLT903 Technologies as Cognitive Tools","link":"https:\/\/www.ntu.edu.sg\/pace\/programmes\/detail\/mlt903-technologies-as-cognitive-tools"},{"title":"MLT908 Design of Interactive Learning Environments","link":"https:\/\/www.ntu.edu.sg\/pace\/programmes\/detail\/mlt908-design-of-interactive-learning-environments"},{"title":"MLT912 Design for Blended Learning","link":"https:\/\/www.ntu.edu.sg\/pace\/programmes\/detail\/mlt912-design-for-blended-learning"},{"title":"MLT913 Technology Supported Assessment","link":"https:\/\/www.ntu.edu.sg\/pace\/programmes\/detail\/mlt913-technology-supported-assessment"},{"title":"MPM909 Elementary Statistics for  Education","link":"https:\/\/www.ntu.edu.sg\/pace\/programmes\/detail\/mpm909-elementary-statistics-for-education"},{"title":"MSC903 Science as Practice","link":"https:\/\/www.ntu.edu.sg\/pace\/programmes\/detail\/msc903-science-as-practice"},{"title":"MSC904 Alternative Conceptions and Conceptual Change in Science Learning","link":"https:\/\/www.ntu.edu.sg\/pace\/programmes\/detail\/msc904-alternative-conceptions-and-conceptual-change-in-science-learning"},{"title":"MSC906 Representations and New Media in Science Education","link":"https:\/\/www.ntu.edu.sg\/pace\/programmes\/detail\/msc906-representations-and-new-media-in-science-education"},{"title":"MSE902 Human Development","link":"https:\/\/www.ntu.edu.sg\/pace\/programmes\/detail\/mse902-human-development"},{"title":"MSE911 Learning Disabilities","link":"https:\/\/www.ntu.edu.sg\/pace\/programmes\/detail\/mse911-learning-disabilities"},{"title":"MSE913 Curriculum Design and Development","link":"https:\/\/www.ntu.edu.sg\/pace\/programmes\/detail\/mse913-curriculum-design-and-development"},{"title":"MSE915 Assessment of Children and Youth with Special Needs","link":"https:\/\/www.ntu.edu.sg\/pace\/programmes\/detail\/mse915-assessment-of-children-and-youth-with-special-needs"},{"title":"MTC901 Nurturing Learners and Learning","link":"https:\/\/www.ntu.edu.sg\/pace\/programmes\/detail\/mtc901-nurturing-learners-and-learning"},{"title":"MTC901A Enhancing Learner Wellbeing, Positive Education Purpose and Practice","link":"https:\/\/www.ntu.edu.sg\/pace\/programmes\/detail\/mtc901a-enhancing-learner-wellbeing-positive-education-purpose-and-practice"},{"title":"MTC901B Enhancing Learner Wellbeing, Character  Strengths and Mindfulness","link":"https:\/\/www.ntu.edu.sg\/pace\/programmes\/detail\/mtc901b-enhancing-learner-wellbeing-character-strengths-and-mindfulness"},{"title":"MTC901C Enhancing Learner Motivation","link":"https:\/\/www.ntu.edu.sg\/pace\/programmes\/detail\/mtc901c-enhancing-learner-motivation"},{"title":"MTC902 Designing Curriculum: Theory and Practice","link":"https:\/\/www.ntu.edu.sg\/pace\/programmes\/detail\/mtc902-designing-curriculum-theory-and-practice"},{"title":"MTC902A The Teacher and the Curriculum","link":"https:\/\/www.ntu.edu.sg\/pace\/programmes\/detail\/mtc902a-the-teacher-and-the-curriculum"},{"title":"MTC902B The Elements of Curriculum and Curriculum  Designing","link":"https:\/\/www.ntu.edu.sg\/pace\/programmes\/detail\/mtc902b-the-elements-of-curriculum-and-curriculum-designing"},{"title":"MTC902C Teachers as Curriculum Designers","link":"https:\/\/www.ntu.edu.sg\/pace\/programmes\/detail\/mtc902c-teachers-as-curriculum-designers"},{"title":"MTC903 Assessment for Learning: Theory and Practice","link":"https:\/\/www.ntu.edu.sg\/pace\/programmes\/detail\/mtc903-assessment-for-learning-theory-and-practice"},{"title":"MTC903A Assessment for Learning: An overview of  theory and practice","link":"https:\/\/www.ntu.edu.sg\/pace\/programmes\/detail\/mtc903a-assessment-for-learning-an-overview-of-theory-and-practice"},{"title":"MTC903B Assessment for Learning: Deep dive into issues  and possibilities","link":"https:\/\/www.ntu.edu.sg\/pace\/programmes\/detail\/mtc903b-assessment-for-learning-deep-dive-into-issues-and-possibilities"},{"title":"MTC903C Assessment for Learning: Putting it together","link":"https:\/\/www.ntu.edu.sg\/pace\/programmes\/detail\/mtc903c-assessment-for-learning-putting-it-together"},{"title":"MTC904 Facilitating Learning in the Digital Age","link":"https:\/\/www.ntu.edu.sg\/pace\/programmes\/detail\/mtc904-facilitating-learning-in-the-digital-age"},{"title":"MTC904A Facilitating Learning in the Digital Age: Part 1 Digital Learning  The tripartite relationship","link":"https:\/\/www.ntu.edu.sg\/pace\/programmes\/detail\/mtc904a-facilitating-learning-in-the-digital-age-part-1-digital-learning-the-tripartite-relationship"},{"title":"MTC904B Facilitating Learning in the Digital Age: Part 2 Digital Learning  Theory-practise nexus","link":"https:\/\/www.ntu.edu.sg\/pace\/programmes\/detail\/mtc904b-facilitating-learning-in-the-digital-age-part-2-digital-learning-theory-practise-nexus"},{"title":"MTC904C Facilitating Learning in the Digital Age: Part 3 Digital Learning  Critical perspectives and  deepening understanding","link":"https:\/\/www.ntu.edu.sg\/pace\/programmes\/detail\/mtc904c-facilitating-learning-in-the-digital-age-part-3-digital-learning-critical-perspectives-and-deepening-understanding"},{"title":"MTD903 Instructional Design Models and Practices","link":"https:\/\/www.ntu.edu.sg\/pace\/programmes\/detail\/mtd903-instructional-design-models-and-practices"},{"title":"MTD908 Training Methods and Strategies","link":"https:\/\/www.ntu.edu.sg\/pace\/programmes\/detail\/mtd908-training-methods-and-strategies"},{"title":"MTD909 E-learning tools for Training","link":"https:\/\/www.ntu.edu.sg\/pace\/programmes\/detail\/mtd909-e-learning-tools-for-training"},{"title":"MTD912 Programme Evaluation Models and Methods","link":"https:\/\/www.ntu.edu.sg\/pace\/programmes\/detail\/mtd912-programme-evaluation-models-and-methods"},{"title":"Managing a Smart City with Business Intelligence","link":"https:\/\/www.ntu.edu.sg\/pace\/programmes\/detail\/managing-a-smart-city-with-business-intelligence"},{"title":"Mathematics for Managerial, Life and Social Sciences","link":"https:\/\/www.ntu.edu.sg\/pace\/programmes\/detail\/mathematics-for-managerial-life-and-social-sciences"},{"title":"Maximising Business Value Through Understanding Digital Transformation","link":"https:\/\/www.ntu.edu.sg\/pace\/programmes\/detail\/maximising-business-value-through-understanding-digital-transformation"},{"title":"Maximize Cash Flow in Business","link":"https:\/\/www.ntu.edu.sg\/pace\/programmes\/detail\/maximize-cash-flow-in-business"},{"title":"Mechanics for Scientists and Engineers","link":"https:\/\/www.ntu.edu.sg\/pace\/programmes\/detail\/mechanics-for-scientists-and-engineers"},{"title":"Media Management","link":"https:\/\/www.ntu.edu.sg\/pace\/programmes\/detail\/media-management"},{"title":"NTU-FTA Series - Applying AI Bots In Education","link":"https:\/\/www.ntu.edu.sg\/pace\/programmes\/detail\/ntu-fta-series---applying-ai-bots-in-education"},{"title":"NTU-FTA Series - Artificial Intelligence and Machine Learning","link":"https:\/\/www.ntu.edu.sg\/pace\/programmes\/detail\/ntu-fta-series---artificial-intelligence-and-machine-learning"},{"title":"NTU-FTA Series - Big Data and Data Analytics","link":"https:\/\/www.ntu.edu.sg\/pace\/programmes\/detail\/ntu-fta-series---big-data-and-data-analytics"},{"title":"NTU-FTA Series - Big Data and Data Analytics in Education","link":"https:\/\/www.ntu.edu.sg\/pace\/programmes\/detail\/ntu-fta-series---big-data-and-data-analytics-in-education"},{"title":"NTU-FTA Series - Cloud and API Economy","link":"https:\/\/www.ntu.edu.sg\/pace\/programmes\/detail\/ntu-fta-series---cloud-and-api-economy"},{"title":"NTU-FTA Series - Enterprise Blockchain","link":"https:\/\/www.ntu.edu.sg\/pace\/programmes\/detail\/ntu-fta-series---enterprise-blockchain"},{"title":"NTU-FTA Series - FinTech & Innovation","link":"https:\/\/www.ntu.edu.sg\/pace\/programmes\/detail\/ntu-fta-series---fintech-innovation"},{"title":"NTU-FTA Series - FinTech for Educators","link":"https:\/\/www.ntu.edu.sg\/pace\/programmes\/detail\/ntu-fta-series---fintech-for-educators"},{"title":"NTU-FTA Series - IoT","link":"https:\/\/www.ntu.edu.sg\/pace\/programmes\/detail\/ntu-fta-series---lot"},{"title":"NTU-FTA Series - Payments, Digital Currencies and Cashless Economies","link":"https:\/\/www.ntu.edu.sg\/pace\/programmes\/detail\/ntu-fta-series---payments-digital-currencies-and-cashless-economies"},{"title":"Negotiation Skills in Business Applications","link":"https:\/\/www.ntu.edu.sg\/pace\/programmes\/detail\/negotiation-skills-in-business-applications"},{"title":"Nexusguard Certified Pentester (NCP) Course","link":"https:\/\/www.ntu.edu.sg\/pace\/programmes\/detail\/nexusguard-certified-pentester-(ncp)-course"},{"title":"PH1012 Physics A","link":"https:\/\/www.ntu.edu.sg\/pace\/programmes\/detail\/ph1012-physics-a"},{"title":"Perspectives on Power Industry Transformation","link":"https:\/\/www.ntu.edu.sg\/pace\/programmes\/detail\/perspectives-on-power-industry-transformation"},{"title":"Practical Business Finance for Engineering and Non-Financial Executives","link":"https:\/\/www.ntu.edu.sg\/pace\/programmes\/detail\/practical-business-finance-for-engineering-and-non-financial-executives"},{"title":"Preparatory Course for Undergraduate Physics","link":"https:\/\/www.ntu.edu.sg\/pace\/programmes\/detail\/preparatory-course-for-undergraduate-physics"},{"title":"Preparatory course for Fundamentals of Engineering Examination (FEE) - Electrical","link":"https:\/\/www.ntu.edu.sg\/pace\/programmes\/detail\/preparatory-course-for-fundamentals-of-engineering-examination-FEE-electrical"},{"title":"Preparatory course for Fundamentals of Engineering Examination (FEE) - Mechanical","link":"https:\/\/www.ntu.edu.sg\/pace\/programmes\/detail\/preparatory-course-for-fundamentals-of-engineering-examination-FEE-mechanical"},{"title":"Principles of Physics","link":"https:\/\/www.ntu.edu.sg\/pace\/programmes\/detail\/principles-of-physics"},{"title":"Project Management Appreciation","link":"https:\/\/www.ntu.edu.sg\/pace\/programmes\/detail\/project-management-appreciation"},{"title":"SC1003 Introduction to Computational Thinking and Programming","link":"https:\/\/www.ntu.edu.sg\/pace\/programmes\/detail\/cz1103-introduction-to-computational-thinking"},{"title":"SC1004 Linear Algebra for Computing","link":"https:\/\/www.ntu.edu.sg\/pace\/programmes\/detail\/cz1104-linear-algebra-for-computing"},{"title":"SC1005 Digital Logic","link":"https:\/\/www.ntu.edu.sg\/pace\/programmes\/detail\/cz1105-digital-logic"},{"title":"SC1013 Physics for Computing","link":"https:\/\/www.ntu.edu.sg\/pace\/programmes\/detail\/sc1013-physics-for-computing"},{"title":"SGUP-CT - Salesforce Career Kickstarter Programme","link":"https:\/\/www.ntu.edu.sg\/pace\/programmes\/detail\/sgup-ct---salesforce-career-kickstarter-programme"},{"title":"STEMIE Invention Professional Development for Pre-U Educators","link":"https:\/\/www.ntu.edu.sg\/pace\/programmes\/detail\/stemie-invention-professional-development-for-pre-u-educators"},{"title":"Smart Optical Sensors for Smart Manufacturing (I4.0)","link":"https:\/\/www.ntu.edu.sg\/pace\/programmes\/detail\/smart-optical-sensors-for-smart-manufacturing-(i4.0)"},{"title":"Statistics for Undergraduate Studies","link":"https:\/\/www.ntu.edu.sg\/pace\/programmes\/detail\/statistics-for-undergraduate-studies"},{"title":"Strategic Operations Leadership","link":"https:\/\/www.ntu.edu.sg\/pace\/programmes\/detail\/strategic-operations-leadership"},{"title":"Strategic Thinking & Dynamic Management","link":"https:\/\/www.ntu.edu.sg\/pace\/programmes\/detail\/strategic-thinking-dynamic-management"},{"title":"TI6003 Introduction to Interpretation","link":"https:\/\/www.ntu.edu.sg\/pace\/programmes\/detail\/ti6003-introduction-to-interpretation"},{"title":"TI6102 Audiovisual Translation","link":"https:\/\/www.ntu.edu.sg\/pace\/programmes\/detail\/ti6102-audiovisual-translation"},{"title":"TI6103 English-Chinese Contrastive Analysis & Translation","link":"https:\/\/www.ntu.edu.sg\/pace\/programmes\/detail\/ti6103-english-chinese-contrastive-analysis-translation"},{"title":"TI6109 Bilingualism, Cross-cultural Communication, and Translation","link":"https:\/\/www.ntu.edu.sg\/pace\/programmes\/detail\/ti6109-bilingualism-cross-cultural-communication-and-translation"},{"title":"TI6110 Applied Translation (I): A Grammatical Approach to the Learning of Translation Skills","link":"https:\/\/www.ntu.edu.sg\/pace\/programmes\/detail\/ti6110-applied-translation-(i)-a-grammatical-approach-to-the-learning-of-translation-skills"},{"title":"TI6111 Applied Translation (II): A Lexical Semantic Approach to the Learning of Translation Skills","link":"https:\/\/www.ntu.edu.sg\/pace\/programmes\/detail\/ti6111-applied-translation-(ii)-a-lexical-semantic-approach-to-the-learning-of-translation-skills"},{"title":"TI6112 Applied Translation (III): A Cultural Approach to the Learning of Translation Skills","link":"https:\/\/www.ntu.edu.sg\/pace\/programmes\/detail\/ti6112-applied-translation-(iii)-a-cultural-approach-to-the-learning-of-translation-skills"},{"title":"TI6113 Creative Writing and Literature Translation","link":"https:\/\/www.ntu.edu.sg\/pace\/programmes\/detail\/ti6113-creative-writing-and-literature-translation"},{"title":"TI6205 Community Translation & Interpretation","link":"https:\/\/www.ntu.edu.sg\/pace\/programmes\/detail\/ti6205-community-translation-interpretation"},{"title":"Tolerance Stackup and Analysis in Mechanical Design","link":"https:\/\/www.ntu.edu.sg\/pace\/programmes\/detail\/tolerance-stackup-and-analysis-in-mechanical-design"},{"title":"Top AI Skills to Learn - Natural Language Processing (NLP)","link":"https:\/\/www.ntu.edu.sg\/pace\/programmes\/detail\/top-ai-skills-to-learn---natural-language-processing-(nlp)"},{"title":"Tough Problem Solving Through Systems Thinking","link":"https:\/\/www.ntu.edu.sg\/pace\/programmes\/detail\/tough-problem-solving-through-systems-thinking"},{"title":"Usability and Interaction Design","link":"https:\/\/www.ntu.edu.sg\/pace\/programmes\/detail\/usability-and-interaction-design"},{"title":"User Experience (UX) Research","link":"https:\/\/www.ntu.edu.sg\/pace\/programmes\/detail\/user-experience-(ux)-research"},{"title":"CET907 Investment to New Ventures","link":"https:\/\/www.ntu.edu.sg\/pace\/programmes\/detail\/cet907-investment-to-new-ventures"},{"title":"MSC902 Science Curriculum Change and Curriculum Evaluation","link":"https:\/\/www.ntu.edu.sg\/pace\/programmes\/detail\/msc902-science-curriculum-change-and-curriculum-evaluation"}]